id,artist,genre,spotify_id
3,Kevin MacLeod,Rock,6TOkhgXGCmcq2neipLT9Xa
5,My Bubba & Mi,Films/Jeux,7DR2aNzvBCnXpD03sWbl3W
8,The witz,Jazz,2w2Zw2OXHhaEzZKoi5AZhS
13,My Bubba & Mi,Alternativ,1ocORq8GJBUAIJdi8QPgme
19,Who's Panda,Alternativ,2bhwPUsgts9pmZIbMvlHZV
31,Short Hand,Punk,4xIlIbQDXw9BXVFcBdPrvW
54,Fit and the Conniptions,Pop,16tz1QwDkta2kNWQFrpNxh
55,Big Bill Broonzy,Rock,
56,Vieux Farka TourÃ©,World,4ttKTDA9f5i2dAPSOqTRtB
58,Fit and the Conniptions,Pop,2cLDzWMrkDtzdyk8zD3n9B
73,Solo Dja Kabako,World,
90,Fit and the Conniptions,Pop,2cxB0r6YfNFB3bsKEvLtoW
96,The Devil Makes Three,Rock,40RpqUg1i6GKePjxfZvODd
105,Mojo Monkeys,Pop,2rl9FntYHf1LeJrRtkvezX
106,Fit and the Conniptions,Pop,1cuLKiCr5mbYMlevxw1NLE
116,Fit and the Conniptions,Pop,2oVHVi0m6koSslwBcTHQgh
119,Amen Dunes,Alternativ,3KhW7PZVVK1c6FO4DqdVXi
127,Evgeny Grinko,Alternativ,5mKBX7FI3fM4xbbOEEc7rV
134,Dexter Britain,Electronic,1Lp9cUaapTjUGVYwsoyg9I
137,"Concentration Study, Study Music and Piano Music, Classical Lullabies",Pop,7yBimXIwT5XW92L0p8B2Hq
144,Krackatoa,Electro|Da,3BEUOzkEnKY5LJzrC0R7DJ
145,Smith Productions & Kevin MacLeod,Pop,7HmgBPYkn4IR9IU2xFITat
148,Krackatoa,Electro,6HwXbgI8zZv6AosX9nykcT
149,Kevin MacLeod,Films/Game,6Rb7y7Vut4CVBrxrk7yoWQ
152,Dexter Britain,Electronic,2xPS7fSRk5qVs7DHzXbD9j
153,Evgeny Grinko,Alternativ,2FOwnedhWyYBE7gH5mHHcn
157,Jamie Evans,Classique,
158,Peter Rudenko ,Alternativ,0nzdyTkS1QLmlqZYOgrSLw
168,Nguyá»n LÃ¢m KiÃªn,Folk,3zFHFZE0cL6qtfU0KUfcnR
170,Chelsea Laulau,Blues,
171,Chris Zabriskie,Instrument,4mBa8fEWIlVURV907aGtdx
172,Para Relajar,Relaxation,
174,Jamie Evans,Classique,
178,K-Conjog,Electronic,2d1H0cwoZS7e6n5eFbuC3d
179,Dexter Britain,Electronic,7ys1ladys516ZzHLJpTv3k
185,Kevin MacLeod,Classical,7bE72erlF9mbilalBA8GyV
187,Evgeny Grinko,Alternativ,7w2N0OHlJg7Z5oh7WVE5dM
191,Alain Couchot/Maurice Leblanc,Livres aud,5OYXh9hjIXGLhQaFj1mfGW
194,Jamie Evans,Classique,
198,Mufstavla,Alternativ,
199,Claude Debussy,Classical,
203,Jared C. Balogh,Jazz,7GHfJrK75Bs8SBFZNIkfqZ
205,Chris Zabriskie,Classical,2AVbsGWa9EGXT7QVaBMdSj
209,Iridis,World,0Z23nv6eAkg9emByZ4s2QV
211,Dexter Britain,Electronic,4mFtb7T0PP7kkuvoXmKZ94
217,Jamie Evans,Classical,2sDqcuuCkOCPqtJ7wHHBKX
218,Oleg Kireyev Quartet,Jazz - Cla,7mQw5qLfUgSQ5flFqi2n9W
241,Dexter Britain,Electronic,5FU76uxzXoutMJfqA2Q2Ws
245,Relajacion,Relaxation,
262,Scott Joplin,Jazz - Cla,6QQIawc8vdSjXHZIjuUJG7
266,Anders Baldwin,Alternativ,1X7v0KYJ2czaDClOQZJEMu
270,Musical Boxes and other automata,Classical,4FNuqTfqIeNTNnAuWYipcW
272,Anders Baldwin,World,3zY1XfSXyFNTN8sawkYK8x
278,Anders Baldwin,Rock,2VxY0Y9qDRUUN2NoepiCfG
286,The Great Americans,World,3d0DtOjnTutW1r1Ylye3FT
288,Anders Baldwin,Alternativ,55EFpDiW3DT7RfpQrr29Vz
289,John Arpin,Classical,2EgWGydcZDymDynx6vsJpw
294,George Gershwin,Classical,56tNrQ0i4ki8Igb5Af1ZBe
297,Wooden Ambulance,Country,
299,Relajacion Mental,Relaxation,
305,Rex Allen,Country,0aDs5Qp7FDKYl9bgzE7Xv2
308,MÃºsica Para Quitar Las Penas,Hip Hop/Ra,
313,Anders Baldwin,Alternativ,2UMLiNPbhUPKGTbb5ViP8Q
314,Austin Leonard Jones,Pop,1C6sMPFUuI87mJAXeLLwvL
322,Pee Wee King,World,7MwPFz1EtqAN4IzK8FhSHk
324,Musica Saludable,Relaxation,
326,Jack Lan,Contempora,3OjOJdHuvGsQHoPrF7zEzz
339,Dance Challenge,Electronic,
344,Anders Baldwin,Alternativ,2tcm5mGucBE6Hg74gt9Zmn
346,Anders Baldwin,World,2893EouukL9muDt2hUwYJs
347,Johnny Bond,World,3p8Q6Y1VzJmaFh7i9PJXjC
348,Austin Leonard Jones,Pop,2W8w4oZ9nccs3wceXIo8yB
350,Chamonix,World,199H5O5pAlgL73YaHTxIQA
353,Johnny Bond,Country,
355,Al Duvall,Pop,
356,Anders Baldwin,World,0xyPSqVO0DGOaJJUzwflBB
360,Anders Baldwin,World,7H2bDkGxUeQCqdzf7qwY7J
361,Anders Baldwin,Alternativ,0J41FXyuwQGMLHMnoVRS8l
368,Spade Cooley,Country,
383,Neuroleptic Trio,Jazz,0Ed8VWHCZO2VncmGXpGKJT
384,Ghost Hunter,Pop,
397,Lucky Dragon,Electronic,5IKa5xKc7kfq1FuWq0suwi
400,Asthmatic Astronaut,Electro,0Q6SuCtlUApNqYsKpDWlwO
402,Patrick Lee,Pop,4ctmWvyGFz7sZgephM7GyP
405,Kevin MacLeod,Electro,25oGlmITzv3o22UDAI8jlm
407,Ekiti Son,Electro,6abdW01Yf071iXnql0H5ml
420,Nano Platano,R&B/Soul,
428,Revolution Void,Electronic,22Vu2ckXfkAwylo5xM0HKX
429,Chris Zabriskie,Electronic,7nYXrepLTmVqg4dpfDYjTZ
440,Immortal Beats,Hip Hop,0s8MuH1xqaWWGBYaUWPbS8
448,Spokesperson Bibulous and the Deviated Septum,Rap/Hip Ho,
452,Yacht,Dance - De,1NdzZHbdwtA3mQFl40MGix
459,Mutherpluckin' B,Rock,0GAiYqzR0AEhReIpiLTluC
462,Morsa,Electro,
463,Lomovolokno,Electro,7CyzVLCk18cvDugjhxqA7F
467,Mauro De Santis,Dance,3R3GzuFsMTIbWMlymzCplB
468,Ray Colcord,Club / Ele,
477,Pedro Henriques,Dance,72mOPNHTkA5gPFiyvAoHmv
479,Jiony,Electro,0DGJOumOLaqhe5Hh6ALqVC
486,pulselooper,Electro,64hIZK7RhaCczR2VyXITeF
489,The Protagonist,Electro,
506,Keshco,Pop,0muPsaysTFsIIpTTvfIB6n
518,Free Piece of Tape,Alternativ,2PlIqAjDbtsk2fR3tl5F0q
558,My Bubba & Mi,Alternativ,2aiC97vasS5zYtqLc8NzPG
564,Fit and the Conniptions,Pop,16bkFyNokX111e8Hr731WH
574,Smith Productions & Kevin MacLeod,Pop,629rFpZHKbw66Hx5sJ4cCJ
591,Sons Of The Pioneers,World,4CIbMZhjozX5QkX185eAMm
597,Keshco,Singer & S,3s24UU0i3OfaWcV8Tq24m5
605,The Simple Carnival,Pop,7lVGiRlNzKa9eVbet7NB5C
614,Josh Woodward,Pop,45zaCeII3wUZBgwzQBoMng
628,LATCHE SWING,Jazz,63t5ckxexn21dzDt857cAf
632,Northbound,Electronic,66kx0PFVpAG7T73mUbtlTK
637,Evgeny Grinko,Alternativ,2H9ocxJEMarppEnieMKNiX
638,Evgeny Grinko,Alternativ,6C2lU5SQQcmAjINZGMNsJy
640,Los Sundayers,Pop,17ORoJBeeWZuhm4G4HahYw
647,Revolution Void,Electronic,0VHU5r5ygB9W1eolsHgAlV
648,LATCHE SWING,Jazz,01V0s0RczSO84ZvXNIr6Hq
652,Michel Gouty,Jazz,7e5pctIuhqjl33upXaMEY9
654,Mega Lounge,JAZZ,0NXHF1nDHMKDQLZmv78bxo
662,LATCHE SWING,Jazz,0EORe0cbsIAkriQdVJPu4R
665,LATCHE SWING,Jazz,3tErGlmiNA0zKnEdeNqRkI
671,LATCHE SWING,Jazz,0Djqdom1o3OUHnICkBcga1
672,Kevin MacLeod,Jazz,6cxvbBdymoYUn4GRO6iJRV
674,LATCHE SWING,Jazz,0RAH82U6PcWHpHf8ud1668
677,Neuroleptic Trio,Jazz,4iP7YAFwifkzsugKOa4Z8H
684,Rushus,Jazz - Ele,3sR9k7xeArYMUk3UTRAyDS
686,Sergi Boal,Classical,4L6Ii4zuWiCNmXOM9KZZk2
708,Litzyzy Ritza,Rock|Blues,
711,Kevin MacLeod,Films/Game,4tYNRUh16ub8NVvLqqZu7x
712,Kevin MacLeod,Latin,0GorvgaFJD0T7W2c2PRwwX
715,Jared C. Balogh,Jazz,1C4aOLtEvrgwsLILNtEXif
723,PROLETER,Hip Hop,04KsMCb9PZE2S0AtUU8Jhb
727,Jared C. Balogh,Jazz,0cg1fhy3SwlcHB9ovfqBRL
735,Revolution Void,Electronic,3IQ6XsIcm3ltfJ3lshb6Iz
736,The witz,Jazz,3vvUYTKjDbU0CxMCccfTQE
742,Mega Lounge,JAZZ,1yhbjm8H8iW9EAFmie0AK3
743,Blue Swerver,Electro,2lOXfOilFm3UxQKsFAuO6U
744,Thiago FranÃ§a,World,01vHPjEbX2LUG1BAHELAcm
745,Tennessee Murder Club,Rock,7nX4cfdqjvOVZ5NwczSyHf
749,Slumgum,Jazz,1rmrsBTSI4OAG9fYpwpEsE
756,Hari Singh,Country,4lHxbjGXh3KJ7bm60irGrn
757,Kurt Vile,Alternativ,66381EvBZ6e3RXzYATpGmN
764,Sleeping Policemen,Alternativ,2o2LKS73kyhOl2xc4rlZyG
773,U.S. Girls,Pop,4GZ0mDOTfdYEFqhddeguic
775,Ghost Hunter,Pop,
776,Ghost Hunter,Pop,
781,DELICATE STEVE,Alternativ,5GMwI22S39FcA5Mmb195nE
789,Austin Leonard Jones,Pop,68C7g1i6hBMaVmjeemN4eA
790,Sycamore Drive,Pop,
794,Hari Singh,Country,
801,Keshco,Singer & S,0pwAYD3U67bMj1VST6pTqi
804,The Influence,Pop,4N473Zpr5nPk9gMg2feExT
805,Keshco,Singer & S,083roIg73eRNIUWywslLnq
806,Laura Vane,Pop,124vdYMc0D7UbV5J1Xpa7X
808,Greg Gibbs,Pop,0y3F93i8xQbIAXEnN0K4ll
813,My Bubba & Mi,Alternativ,0Q6NzvRzJOI4u2FVX2zK1w
818,MirÃ³ Belle,Alternativ,08CDqSTWg9Wp7VI3OvJg7L
824,Sycamore Drive,Pop,2JjLhoWNtG5ArqOgPMW7Po
834,Keshco,Alternativ,5Dk6xTTxAnKi9XEq1pKMab
846,Flora,Alternativ,66B63cYlzMPT5PvDOghg9v
854,My Bubba & Mi,Alternativ,0W2F9PW0baDdLO0f1BnFnp
856,Sloan,Pop,5wtifIEA8OilqQAJN5Nj6V
860,Limbo deluxe,Dance,4kcVtH7WsQy0uzPjkdlneL
863,Computer Magic,Alternativ,7M1rwsvZrn5vEYLcSVbE1B
864,Inpersa,Jazz,0vfieX0hgzEN837Z8309Cv
871,Sycamore Drive,Pop,
874,Black Math,Rock,1hMohwBhrw5BvJkB5A4zbI
879,State Shirt,Pop,4dMuaUPtmzmHAytoEfF71R
882,DarknessOff,Soundtrack,2kASH0YeK8bXDUMqAsRCF5
884,Ghost Hunter,Pop,2RBEjeuKV2PRpcNgGaaw7b
886,Krackatoa,Alternativ,7w02LkCrPVfSnV3OG7tcK2
889,The Freak Fandango Orchestra,Pop,5ndZGKQNuD79AVFrQoeuHl
891,Gillicuddy,Folk,0JTjwCHKtxoSiSdgxai1ie
924,Juanitos,Dance,2cTvgxy0BQxstqLgf5e2sm
925,Charles Atlas,Rock,001azmZBNcXK6PPnVFMHVE
936,Dumbo Gets Mad,Pop,2rv28aDs6dOtF82hmoKgXD
942,PÃ¡jaro,Rock,4IHkO2KqRfqbcQj4QXBb0H
959,springtide,Pop,
960,Anamanaguchi,Electronic,5towd0CITm1hfnCI6s5Nwy
974,Karl Blau,Rock,
977,Black Math,Rock,1UncV8tg1UrKSd936eN3bz
978,Krackatoa,Electro|Da,7q1dUtd4oOJF376ZEdC3yz
980,Mahjongg,Alternativ,3F4Tb2b4JhEkdwpIWJCv1T
981,Morphamish,Electronic,1NZxCf9zFfPc3UsW3p2Ie8
989,Morphamish,Electronic,1kyRZQOqDNtfGdaxR4j2hP
1009,Big Bill Broonzy,Rock,
1037,Fit and the Conniptions,Pop,32RYT0tmiu22Afc6sTFGDg
1038,Fit and the Conniptions,Pop,0akD073ga3iQGDS0FSPzkD
1039,Fit and the Conniptions,Pop,6ZIkeFLTjLzMdXR0I5rOmb
1046,Joe Marson and The Satisfied Mind,Pop,2PL7WvanUW47Ax2tTF7gMU
1051,The Re-Stoned,Rock - Ele,3jzyDtAhNZp74jv57lgWCa
1052,The Re-Stoned,Rock - Ele,5UxqTAWHmmW6IdoPFfwlgZ
1061,Mojo Monkeys,Pop,32tAenTfKIntE8GdbSkVg0
1063,The Re-Stoned,Rock - Ele,1m6Zh5PoWslJfBWsGh4B4Q
1065,The Re-Stoned,Rock - Ele,5JKtl5CXE3dZolCtg5nkdW
1067,BJ Block & Dawn Pemberton,Pop,6z0V1NzahPtwyGaJFMYmo7
1068,BJ Block & Dawn Pemberton,Pop,1zA4EZ7Da2jRKP4yWpRoxm
1073,Dr Freebs feat. Andy (Soul Fish),Electro,3eAlid5rCMPiD930T3zVC2
1079,T Bird,Rap/Hip Ho,
1082,Glass Candy,Electronic,5GUfrwMozmT72e0yTC3rQy
1083,Glass Candy,Electronic,1q9DOvn3xc2C6F7eH607CA
1085,Podington Bear,Electronic,6HEXM9Bce1BzLEeDA7Dwik
1088,Hundra Ao,Electronic,4oL97tSADQW8C4PswGePJJ
1089,Hundra Ao,Electronic,4P2VUX3DIwcc0xxP9IS3MO
1092,Nambavan,Alternativ,1risbZO75csjCvcfPIEgbS
1093,Spiedkiks,R&B/Soul/F,0f5X0842Xn7sDBivuTwbYB
1103,Podington Bear,Electronic,70DTioISuNZACUXgpKkQkC
1109,Nest,Electronic,7xGhtS3oi8YtFrJNMM4AwB
1110,Diablo Swing Orchestra,Metal,7CNyG934XWPTmeGRgYGxvc
1112,No Regrets For Our Youth,Alternativ,
1113,No Regrets For Our Youth,Alternativ,
1114,Nest,Electronic,5GpPL7I7fwXpu7UGDf18hP
1116,Peter Rudenko ,Alternativ,0nuwg8z9mG7jZEm6msyOYS
1118,Nest,Electronic,1u9MOA7jUTUS9aPNJzwjJK
1119,Peter Rudenko ,Alternativ,
1123,Jared C. Balogh,Jazz,6Kw1uag67jv7fx4e6lbRS8
1125,Jared C. Balogh,Jazz,6entwovnWkwvQ48jWYwhN2
1126,No Regrets For Our Youth,Alternativ,
1135,Podington Bear,Electronic,01vFOEnmtS4Q90qJzW0XNl
1138,Jared C. Balogh,Jazz,5FdHRulS04GtOGgKDtyLRE
1146,Muhal Richard Abrams,Classical,4IjEkJeXvbD0gf50qJRLRJ
1148,Bosques De Mi Mente,Soundtrack,
1161,Kosta T,Classical,23p6E8i4i0a2mfSvCUBhSu
1170,Evgeny Grinko,Alternativ,7w2N0OHlJg7Z5oh7WVE5dM
1171,Podington Bear,Electronic,0mpK47bkowm0kjhRItCmVw
1174,No Regrets For Our Youth,Alternativ,
1182,Textile Audio,Experiment,3U2HOW4Fa57Io3FfbVpwy7
1188,Circus Marcus,Electro,4nXVTcWo4Q7TTUVIrLIj66
1189,Circus Marcus,Electro,5VQA8hGk1D9R0EC803pwrX
1191,Podington Bear,Electronic,6STmUXLtyUzGcbX1NiSwo0
1197,Kosta T,Classical,7px5vRMXj55vavbLrheRKV
1198,Tyra Whinley,Rock|Blues,
1199,Textile Audio,Experiment,0KTOTdsdtolRctzrKb0BZK
1204,Volebeats,Rock,3R3k1Jrnnc9d3JZHJsEuAe
1208,Factories and Alleyways,Pop,3Yh0p73nNkl0b5w17hsIz9
1211,Alejandro Escovedo,Rock,2enXFFaR2M1s0hywyM90wZ
1212,Alejandro Escovedo,Pop,5rKtHzRCsBVFlyUO9MwbB7
1214,Rex Hobart and the Misery Boys,Country,7csomvyihjYEs77GXbqET5
1215,The Cracker Cats,Pop,6sNCbxxUtm0vcERwsxZFLq
1216,The Meat Purveyors,Pop,31iHRawvmBjuqPmkZqfYbg
1221,The Meat Purveyors,World,4UXdae2Xga6nJeovUjNUtd
1228,Glenn Jones,Alternativ,6vqNuA3HGPWCRW2NHWELrd
1229,The Meat Purveyors,Country,
1231,Jimmy Cousins,ALTERNATIV,6jTRBCJrHaV1xM45wiy6hF
1232,The Meat Purveyors,Country,0mPBE0g6UCOt9h6ane9vxt
1233,Alejandro Escovedo,Pop,7l6KWjGMXwWjNRxNK4EshB
1234,Stray Dogg,Rock,1Ioh3Y2FeGWzFhSR8mNdfU
1236,Trailer Bride,Pop,4yTFGdOjs6JmEAF0FYermF
1237,Stray Dogg,Alternativ,0Qvai761YaQFyi9QsNrUYm
1238,Oakley Hall,Country,0ADCb2MTCTCOxsjKMrIhhV
1239,Th' Legendary Shack Shakers,Pop,6CrlTMaFRmwQjo0P5C1Xmh
1240,Alejandro Escovedo,Pop,6dwqoiYo50cNPYAxsxRDv0
1241,Stray Dogg,Rock,
1242,Sean Hayes,Pop,0r4J6R1CegP786Ux2ekW5u
1245,The Meat Purveyors,Country,3QaxV70iVOUM7ZwFzHLfvf
1249,Oakley Hall,Country,6ad00w5DhmqN1WQJgZshHz
1254,Th' Legendary Shack Shakers,Pop,6KasvYytjGUJ0dJfRvPFSf
1255,Stray Dogg,Rock,
1256,Factories & Alleyways,Pop,5SQYnFWqmgw9kh6QDFLpsm
1259,"Fascinoma, Monk Turner",Jazz,5YOvpo4WiTLcUSvK6JWzJz
1262,Trailer Bride,Pop,5jJfT4yEyd6YeJf4opWeLd
1264,Al Duvall,Alternativ,
1268,Glenn Jones,World,0kdvbbdCUmymD8jG0YbVgd
1269,Pine Valley Cosmonauts,Pop,2zNof5UO8UuWZFXvqNlYZR
1270,Voodoo Puppets,Alternativ,5XWoWJcnELPNoVQQ8Nuxg8
1271,Stray Dogg,Rock,29U3UAoJsWlxb2i5GWpoLR
1275,Wooden Ambulance,Country,
1282,Colin L. Orchestra,Rock,4BzzmMmiyFF163jENCa3S3
1285,These Hills Of Gold,Rock,5rq377HtxC2DcT8dmS0OGm
1287,Alice Rose,Electronic,13YovCUH5g697kmUYljhOF
1289,Glenn Jones,Folk,
1292,Trailer Bride,Country,1Pcj2Mba4CaJi8eHTgXGYt
1293,Trailer Bride,Pop,4II3UphYTYH81JSAK1aoGK
1294,Trailer Bride,Pop,1zIjIz7JOCJfnWZXAEXqqV
1295,Moonshine Willy,Country,1SdXqonV1eS5EgsDPQvVAo
1296,Alejandro Escovedo,Pop,2rtaJ3AaF3fD3GC5c4sxkz
1297,Al Duvall,Alternativ,5gZLa8obQT644Rbk3HCFGK
1298,The Cornell Hurd Band,Childrenâ,0Mya1MzuYrWt3BlEmzlnO3
1304,Control Alt Deus,Alternativ,4KUuwkXAjdHLingOPoekOx
1309,Aftermath,Dance,4mJ9sZ1CK04MePhP7TGzUR
1311,The Womb,Alternativ,7jyCmD0zujcGmJTUoRSeAm
1313,The Womb,Alternativ,6p6ejr7D2VB4UQQEg0ScFj
1316,Tab,Electro,44fuOcSWXaOyFJWP5kaV8v
1317,The Easton Ellises,Pop,43aLaMAWzYYBo9Lfx5Vdcu
1324,The Carrier Wave,Pop,1xUNasQlmOjUIdfTDhWNg9
1325,The Munitionettes,Pop,6ilxoIpdiUDuKjumZmbMoy
1327,All India Radio,Electro,2eCvMaAHydAh4oCEjJ7XY1
1335,Nine Inch Nails,Alternativ,309lSRLLvKvzmluaq0kCNn
1340,Keray,Pop,41sOJ9nnJy0jUNVi8KYD4f
1342,The Easton Ellises,Pop,45eZJg07l7kfyBl1bAsI3T
1343,Krackatoa,Electro|Da,51eXm4ux45tmOirqfa4h2f
1351,Bit Shifter,Electro,7l3rLwpXyg1fYLNNqb2PF0
1358,The Rapture,Pop,3UANppoONKdY1TCMVUjTsx
1359,Pro Studio Library,Electro,2zKlgwSj1nZOQAVfJLbtfn
1360,Tab,Electro,3efhpW1ysqjmkQlrLFuLwO
1362,Nine Inch Nails,Alternativ,309lSRLLvKvzmluaq0kCNn
1365,Bit Shifter,Electro,4kkTrlX69bOvgUJO9aLp1O
1366,The Easton Ellises,Pop,40HiYmzHH9GYxFVch69OOn
1367,Bit Shifter,Electro,5YoULOh95Y93HfUIYwzRtB
1369,Bit Shifter,Electro,2y2T82Ld2EIHVQSqvSU49E
1370,Cornelius,Alternativ,6sjbxO72wNsEPWay1rjFQC
1376,Krackatoa,Electro|Da,741tUq81Q8YWlTjuA4k6IJ
1377,Krackatoa,Electro|Da,7FKfaHeU4mdFi6iQOInvaj
1379,Krackatoa,Electro|Da,3y6XM0UyrVYRw9ghpAudZu
1387,Bit Shifter,Electro,4dI8zI0C22nAOYQwkLm9jO
1388,Anamanaguchi,Electronic,7AgREf4ejkLSFlSvcVA5nL
1391,Azoora feat. Graciellita,Electro,3svodIkGUGQkhRh7m1WB8Y
1392,Anamanaguchi,Electronic,502VIvujUKQadgAYhdD9N9
1393,Thievery Corporation,Electronic,6VpQrUEPQUz7EARCxjEIdB
1399,Kilowatts,Pop,
1401,Gary Murtha,Pop,42xyhLJPxVQNVcueZohLdQ
1403,Josh Woodward,Pop,5py9Win61eDbHsgJ24kSzp
1409,Johnny Favourite and the Exs,Alternativ,
1436,inch,Folk,3248MjR19J08S0rNPPlkpP
1437,The Simple Carnival,Pop,0l5VPKz876dNvvGZjXOutM
1439,My Bubba & Mi,World,0cmJLCyfrkbO58TloDSwwI
1440,Rocketship Park,Rock,327eMBfFi7xjxVpo9QDSYH
1457,Falcao & Monashee,Alternativ,6yb5hhhqygUQCrOloBa8Wp
1458,Falcao and Monashee,Folk,
1461,The Twin Atlas,Alternativ,23AuVZRNNeE8dkojBgzh64
1465,Jack and the Pulpits,Rock,
1472,Jonathan Coulton,Pop,1KrpXYLMCJ8GaDSz61FQNU
1473,Jonathan Coulton,Pop,0iq3MFEbuKTWJgdhwdOwXI
1474,Jonathan Coulton,Pop,3cLqK3LPVrTIzfENVmYLoU
1477,Kelly Hogan,World,5ol7dPJJ7b3AQ8H6ltB5O7
1480,The Shivers,Pop,3jRiNnqkdmEJZiHhrbrsL5
1482,Alec K. Redfearn & The Eyesores,Pop,
1486,The Bowmans,Pop,5pMUSmp7dSyiYEnTWCIB2h
1499,Falcao & Monashee,Alternativ,6Tl8QmsgCYEXb00AHbwkxX
1500,Art of Flying,Rock,5QhrEfAuZHHcuPJU1Uou5p
1503,Tab,Electro,03ULZjjmLwR7MfEAdxikKE
1515,dÃ¤lek,Rock,4b3G7l4Y7XYtVBoL3YrT2g
1529,HEIGHT WITH FRIENDS,Rap/Hip Ho,
1533,Pistol,Hip-Hop/Ra,3AFtcejYaqyKFiWs2YGeKb
1534,The Good People,Hip-hop/Ra,3Xy7bKhBAar2skhivGIz2n
1550,Shlohmo,Electro,4IlHwK10R9gLxBAPhk8G1e
1555,Adam & Alma,Electro,34LYvEzYNeuDOhKnKBO8dl
1557,El Klan de los DedetÃ©,Rap/Hip Ho,
1559,Comfort Fit,HipHop,
1560,Jonas The Plugexpert,Electro,03hp1UfmahxEwNbrPgjP0m
1566,T Bird,Rap/Hip Ho,057DSPll54nr2tSHhnLUK0
1567,K. Sparks,Hip-Hop/Ra,0Mj8EyrNAuwjEbFqx4uii4
1570,Tab,Electro,2xPRvnpvxAxNLLHtw2sU5B
1575,Tab,Electro,2XOdOAH4vU5zdC4uB0VvDS
1576,C. Scott,1,
1577,Tab,Electro,3yBtY8qNY0JChZBlOzfCkm
1579,Alaclair Ensemble,Rap/Hip Ho,78cYGiE65nTD2dHKCTmYE8
1580,Hundra Ao,Electronic,19wKtpNeLu1XHgTG9qQNLL
1581,Beastie Boys,Hip Hop,3RhtU3yewS9UPgvMFY5y3p
1582,SyndrÃ´m & Kendall WA,Rap/Hip Ho,0XHqBIyBTwOLq9Kwj6Of35
1588,Franlusku Two,Electronic,5ULqxH8d6a5U9E8NnFrJ64
1602,Axial,Electro,1dzMzodScge7nFNzCrXvvU
1603,Axial,Electronic,
1604,Axial,World,2SVUl5ySn3LgvhlMNc8qBh
1605,Axial,World,1rUXriVK3parmmptRb8Kk1
1608,Diablo Swing Orchestra,Metal,22L0zn10xTEYdeH6gG6fbT
1609,Diablo Swing Orchestra,Metal,3CZ29NKtkIX7h2tcUshpWH
1610,Axial,World,0dvXj4G7aT5v1vs52ZCy2H
1611,Diablo Swing Orchestra,Metal,6auYU6qZU1C55t4IEvKKE8
1612,Diablo Swing Orchestra,Metal,6lFrEOv5wCWz8cK9kJsicP
1614,Gilberto Gil,Pop,56JsbZ0WcpzAjjhYYAeGRQ
1616,MombojÃ³,World Musi,14aRd0raNSdzv3uNQNv9wR
1618,MombojÃ³,World Musi,4do4f6r15QIYPRWr73H8ST
1619,MombojÃ³,World Musi,72WHaFb2LhxaVk0ZhAm0ne
1628,Yva Las Vegass,Alternativ,02OaIydFTWKIfId4ahsQmL
1633,Vialka,Alternativ,53p1lFsxJ0GFimp2WOTwdF
1635,Teleradio Donoso,Pop,3Dnn4G9z0VqWksQye13Cqe
1640,Paniks,World,3ljkFyaZdOrKmYgJvaDDTh
1641,Trabajo,Electro,2pAmfDxKY4Xm1QzXr4cggK
1642,Trabajo,Electro,00W0yjwmhDL2JzvMJGlLLI
1644,The Prefab Messiahs,Alternativ,3W1qlq2w6eC8aut7pR4SkJ
1647,The Freak Fandango Orchestra,Pop,42TVC3b7SS8i2KcVFbFy9D
1648,Selva de Mar,World,28oQtrmzL5NiyXuVFL2Kmv
1652,The Freak Fandango Orchestra,Pop,3RZUaR3WAP8Ry5h4QqjDcs
1655,Midival Punditz,World Musi,1VbKrtYRyQrwwk5D625QQY
1657,Hayvanlar Alemi,Rock,6HMxwUMTno5GsdZCI9B4tm
1660,Antonio Terez,Latino,3jedOXF39y4a3IxYXlFWOW
1688,ë°ìí,Jeunesse,0KkoInTRVgDONheMy0vgn7
1690,Hayvanlar Alemi,Rock,4PgDjGgQTP6UBuvUtvKtse
1694,Vialka,Alternativ,5XvLs2eLBh45FfMqq6HZei
1695,Vialka,Alternativ,309R3fyUPPxSEMlXtT6PdU
1696,Prin' La LÃ¡,Pop,4WF88YCPmt2UT5aHY4jemX
1704,Jason Ajemian & the HighLife,Pop,
1710,Bob James Trio,Jazz,6SH0v5qXb9KzjilGWj7rNr
1711,Somewhere Off Jazz Street,Jazz,4UUsqOdkAKxhDGHcfvzcTY
1714,Franlusku Two,Electronic,4bptbaQw8VkBYqyiV4D0vm
1715,Krackatoa,Electro,4cGiqGrbTpLzMhPa8Cisbc
1716,Krackatoa,Electro,5rRWoiTgR24ygvBgJ14YdX
1718,Nheap,Electro,0B7fLPoKVPQMIstG4WKHm1
1719,Nheap,Alternativ,4XO752XPPJmDjAMwqsprod
1720,Har-You Percussion Group,Jazz,11CqSPzz57Zxjmd36ne4oW
1726,Somewhere off Jazz Street,Jazz,57HlFQkloLBHYoGHzfQPuw
1730,Revolution Void,Electronic,1cnaXqTvctlNVuGkY9MgNg
1733,Trio Metrik,Jazz,
1740,Neuroleptic Trio,Jazz,5fe5xUIx4JuZedPMSo0unu
1743,The Swing Ninjas,Jazz,6jW0gPezo6bx0q8tWDZo2a
1745,PROLETER,Hip Hop,4rCj0BFfMaYdR2Mh3ZMDBb
1750,Revolution Void,Electronic,072EbkRwlU9FK85P1AugCK
1752,Revolution Void,Electronic,2xBOMLwB7FkunD1VWHiBn8
1754,Somewhere off Jazz Street,Jazz,4rWGAnOyDhzlKDIXjhCYg9
1755,Revolution Void,Electronic,2LrP3mGwtyBAZAqyqg63tC
1757,Trio Metrik,Jazz,
1767,Kreng,contempora,7Joxx82AwruOQcCNGpQaeJ
1768,Somewhere off Jazz Street,Jazz,6HusYKpIdKrMEV65qSqY3K
1783,Somewhere off Jazz Street,Jazz,3OJGy2mYpxBpLQYAHpzW3C
1785,Trio Metrik,Jazz,
1789,Revolution Void,Electronic,4ulfk9G2AYLr8VZkywZg7M
1795,Marc Ducret,Jazz,3aWL9uWFoGtMofUiOiAGxc
1797,Goat,Pop,1dtq6vaQLwde83dhizEdaA
1801,Fire to the Stars,Rock,3jzOxK1XhrLKsG4jkaQ8Cm
1802,The Color and Sound,Rock,5zXrH9sl9GZNtWMC5y1sFa
1806,The Spectacular Fantastic,Rock,2K6EKVHxXFXr2jsjylDQRU
1807,The Spectacular Fantastic,Rock,7IfhUW3bPEGjurEdmtdULh
1813,The Womb,Alternativ,69mApNaundpswSwuiHEYgR
1814,Huge Face,ROCK,05biYvcPkAE5piPX0cAjia
1816,Podington Bear,Electronic,407kSCZcbZLdLiS4uUzfOX
1817,No Monster Club,Alternativ,4kSoiPN2tlUw9hQ7msgISQ
1818,The Scallions,Pop,03seYRO3R2U2TM0xxCsXns
1821,I Am Not Lefthanded,Pop,3oD5nDtbcc3O6HjKvbbgzI
1822,Silence is Sexy,Pop,5kNVgwLF4zJ4EeXPuRTPi3
1825,The Womb,Rock,37wrRMly5VNEZEqvXO5UnI
1826,The Womb,Pop,
1828,"Sand Pebbles, The",Folk,0QzUTZ6kBAdJB3i4nOnci4
1831,The Kyoto Connection,Pop,3TnzVEc92BeU441yTTHbC5
1836,Greenskeepers,Electronic,1ckUgqvnwY4wrzzpu5frG0
1840,Adam & Alma,Electro,68E8jULBDimGqZKMM6LZQK
1841,Adam & Alma,Electro,3uIeHt9tj4FTJefjbr4QzH
1845,Pop Winds,Alternativ,7BSi3ITw4dm6SieezplU85
1854,Pop Winds,Alternativ,64wLBBp9g7GYOE5qhJquEe
1856,Dan Deacon,Pop,5jlFugXA1FfrVkmvXFMTHE
1859,Ariel Pink's Haunted Graffiti,Alternativ,0LE91Z1YTzTfzLbfgTiUzQ
1860,The Gasoline Brothers,Alternativ,0Gi0Rhgs5Wym4rWxMM3BOB
1868,Monk Turner,R&B,
1870,The Kyoto Connection,Pop,5bsoDUeeU2jasH4Wm3wbkv
1871,The Kyoto Connection,Pop,5bsoDUeeU2jasH4Wm3wbkv
1880,Plastic Flowers,Alternativ,4ADuASrX7HNWyZKzI6xbvC
1882,The Paparazzi,Rock,79fMojivqqkQ1n2uIlstd8
1883,Podington Bear,Electronic,5Pv6GLyU2Z4InLHeAjrhV8
1884,Neon Indian,Alternativ,67du9hvg8UGxf6lqCI4JtA
1885,Fire to the Stars,Rock,32jPn1xBKdbbNtl6ARSIk1
1890,The Golden Hours,Alternativ,
1891,Podington Bear,Electronic,4i0vqiuNPXhVacbAt9M4ZL
1898,The Paparazzi,Rock,3Cy3dUjFKAZ3auG26fTPTO
1901,Zombiecops,Punk,
1915,The Monitors,Pop,4wbs6rRL45GtP89rS2DWQp
1916,The Monitors,Pop,60rxn4u7dcjr06Ihfg9FNy
1920,Black Bones,Pop,3iNJeBIvrJ9ifMrnXpmXzy
1922,A Banda de Joseph Tourton,Rock,26Tu15L5i303Wa3FRyZTLZ
1925,You Me Tree,Folk,
1933,The Men,Alternativ,5yn9ogqbLjevtRQX7e6HtK
1941,The Koolaid Electric Company,World,4394LWAMTCmQ53prGI4ZNM
1951,Baby Scream,Rock,5PT4jSkn19vYMgPhlm75YR
1954,The Raveonettes,Alternativ,0tHBwmkEuuA8Wh6zNRgzhS
1956,The Woolen Men,Alternativ,3jkJZBOEolAzQGazKH6n3H
1957,The Woolen Men,Alternativ,0cUxOsgrCqFaYkLNkMUUwN
1958,His Electro Blue Voice,Alternativ,
1961,The Yolks,Alternativ,2pDv86yEYB4TtkOej4LUF6
1968,Lightning Bolt,Alternativ,5hLDHBVUus9yOvz8GqXMKv
1972,Family of the Year,Alternativ,0bKK4i76rWAITUaaHAYoKZ
1977,ÐÐ¾Ð»ÑÐ±Ð¸ Ð¸ ÐÐµÐ·ÑÐ¼Ð½ÑÐµ ÐÐ°ÑÐµÐ²Ð°ÑÑ,Rock,5Oe0B2978m03K1ypS5PfIv
1978,The Unfinished Sympathy,Rock,
1980,Le Tigre,Soundtrack,65ntVEdkLQLmJJN1ERhYDA
1981,The Ridiculous Trio,Rock,79aQhEyevRsvzq3X4eCaoH
1982,Nine Inch Nails,Alternativ,0iWgd4W1Jn7Fq9cmjzpmkW
1984,Nine Inch Nails,Alternativ,0O44lAoHhGnFvr3vAvUZ4x
1985,xavdazk,World,
1986,Nine Inch Nails,Alternativ,7EFBGCEsHR1MzZZMayDtXS
1988,Fresh Body Shop,Pop,38Lg0WKiWLOkxq3VVIoxGC
1992,Louis Lingg And The Bombs,Rock,2mMuqccfl7lIwWuXEeGZGl
1993,The Meta-matics,Rock,0pueixVXBlM36BN8tfMvXs
1997,Ariel Pink,Rock,5hTNss3xHv8VMMi9739SKA
1998,Fresh Body Shop,Pop,1eG8d27XbwwQVi5SyTycLT
2000,Fresh Body Shop,Pop,5haGXyShSuXgZMAmcsT9Mr
